"311","Кальянная ""Алладин"" |  Казань kalyan.space","Кальянная ""Алладин"" находится в замечательном городе Казань на улице Профсоюзная, 25",,"alladin","Алладин","+7(843) 296-73-34","http://alladine.ru/",,"https://vk.com/alladine_kazan","570","1","0","0","0","0","10","1","Кальянная-чайхана. Добро пожаловать в ""Алладин"". В нашем ресторане Мы предлагаем Вам уютную и дружескую атмосферу, приятную музыку, красивые и удобные кабинки, коктейли, безалкогольные напитки, закуски, и, конечно же, вкуснейшие ароматы.","<p>ДОРОГИЕ ГОСТИ!</p><p>В нашем ресторане Вы можете приятно провести время со своей второй половинкой, с любимой семьей, а также с большой компанией друзей. У нас есть все, что нужно для комфортного отдыха и наслаждения. Мы предлагаем Вам уютную и дружескую атмосферу, приятную музыку, красивые и удобные кабинки. В нашем меню Вы найдете блюда восточной, европейской, японской и татарской кухни,а также чай, кофе, коктейли, безалкогольные напитки, закуски, и, конечно же, вкуснейшие ароматы.В будние дни с 11:00 до 18:00 проходит бизнес- ланч.Забронировать столик для Вашего мероприятия Вы можете по телефону (843) 296-73-34.</p>","Профсоюзная, 25","55.7884","49.1233","410","1","551487","1"
"312","Кальянная FreeDom | Казань kalyan.space","Кальянная FreeDom городе Казань, располагаемся по адресу Лево Булачная, 52. У нас вы найдете домашнюю атмосферу с душевным общением, дымным кальяном, вкусным чаем и видеоиграми!",,"kalyannaya-freedom-kazan","FreeDom","+7(843)225-05-59",,,"https://vk.com/uk_freedomfamily","500","0","0","1","1","1","10","0","Добро пожаловать на территорию курения кальяна, вишневого пуэра и угара!  Мы фантазируем, экспериментируем и угощаем вас!  Мы создаем домашнюю атмосферу с душевным общением, дымным кальяном, вкусным чаем и видеоиграми!","<p>Добро пожаловать на территорию курения кальяна, вишневого пуэра и угара! Мы фантазируем, экспериментируем и угощаем вас! Мы создаем домашнюю атмосферу с душевным общением, дымным кальяном, вкусным чаем и видеоиграми! </p><p>Мы любим играть на приставке и настольные игры как дети, курить хорошие кальяны втягивая холодный дым как взрослые, смотреть фильмы на большом телеке как подростки во времена видеотек и видеозалов, слушать негромкую хорошую музыку в отличной компании друзей, болеть за любимую команду как самый ярый фанат, и конечно же общаться как старые знакомые с абсолютно новыми для нас людьми. </p><p>&nbsp;Мы существуем на ваши пожертвования, на которые покупаем новые виды табака, чая и новинки видеоигр. </p><p>Внимание! У нас вход только с 20 лет! В случае, если ты забронировал стол, но у наших кальянщиков возникли сомнения по поводу возраста, и ты не смог его доказать, не обижайся.</p>","Лево Булачная, 52","55.7859","49.1154","421","1","551487","1"
"313","Кальянная Habibi | Kazan","Кальянная Habibi в городе Казань находится по адресу улица Тельмана, 15. Habibi - это именно то место, где тебе всегда рады, у нас ты можешь насладиться дымным кальяном и великолепными чаями, найти новых друзей, привезти к нам своих друзей, познакомиться с интересными людьми и вместе хорошо провести время.",,"kalyannaya-habibi-kazan","Habibi","+7(843)253-06-67",,"https://instagram.com/habibikzn/","https://vk.com/habibi_kzn","400","1","0","1","0","0","50","0","Habibi - это именно то место, где тебе всегда рады, у нас ты можешь насладиться дымным кальяном и великолепными чаями, найти новых друзей, привезти к нам своих друзей, познакомиться с интересными людьми и вместе хорошо провести время.","""Habibi"" - это именно то место, где тебе всегда рады, у нас ты можешь насладиться дымным кальяном и великолепными чаями, найти новых друзей, привезти к нам своих друзей, познакомиться с интересными людьми и вместе хорошо провести время, расслабиться от повседневной суеты, поиграть в настольные и видео игры,насладиться просмотром фильмов или просто почитать книги.

Каждый кто приходит к нам – наш гость, для которого мы готовы предложить: 
● Ароматные Кальяны
● Волшебные Чаи
● Вкусный Кофе
● Уютная Атмосфера
● Развлечения на любой вкус
● Free WI-FI
• VIP зал 
• Кинозал","Улица Тельмана, 15","55.7989","49.1223","432","1","551487","1"
"314","Кальянная Hubble Bubble | Ульяновск","Кальянная Hubble Bubble в городе Ульяновск располагается по адресу Энегельса,21",,"hubble-bubble","Hubble Bubble","+7(842)275-76-46",,"https://instagram.com/hubble_bubble_ulyanovsk","https://vk.com/kalyan_ulsk","620","0","0","0","0","0","10","0","У нас не только вкусные и дымные кальяны, но и замечательный коллектив,который порадует вас живым общением и дельными советами.","<p>Кальянная в замечательном городе Ульяновск ""Hubble Bubble"" Shop &amp; Lounge. В нашей кальянной вы можете найти больший выбор табака.Мы заботимся о своей репутации и о Вашем комфорте. Заказывая у нас Вы можете быть уверены в качестве и вкусе кальяна.</p><p>Будем рады приветствовать Вас в нашем заведении. Располагаемся мы по ул. Энгельса, 21.</p>","Энгельса, 21","54.3165","48.3928","443","1","479123","1"
"315","Кальянная Prime House | Ульяновск","Кальянная Prime House в городе Ульяновск располагается по адресу Гончарова, 56",,"prime-house","Prime House","+7(8422)72-74-75",,"https://instagram.com/primehouse73","https://vk.com/primehouse73","500","0","0","0","0","0","10","0","Отличный персонал, уютная обстановка. Быстрая подача, огромный выбор табака. Цена-качество.","Prime House - всероссийская кальянная европейского уровня теперь и в городе Ульяновск. 
Prime House в Ульяновске - это не только кальян-бар но и магазин где можно приобрести лучшие сорта табака и кальянные аксессуары. Покурить дымный кальян или бестабачный паровой коктейль насыщенный аромат которого поражает воображение можно как в стенах заведения где к вашим услугам дружелюбный персонал и уютная атмосфера так и заказав услугу ""кальян на выезд"" которая заинтересует тех кто хочет устроить день рождения или отметить торжество весело и дымно.","Гончарова, 56","54.3211","48.4015","454","1","479123","1"
"316",,,,"dum","ДЫМ","+7 927 016-75-54",,"https://instagram.com/dblmagan63","https://vk.com/dblmagan","400","1","0","1","0","0","10","1","У нас в заведении есть бесплатный Wi-fi, а так же наша кальнная самая уютная, где можно хорошо расслабиться после дневной суеты !Приемлемые цены , а главное - отменные кальяны и шикарное обслуживание !","В Кировском районе Самары, недалеко от станции метро &quot;Безымянка&quot; находится уютная кальянная &quot;ДЫМ&quot;. Помимо ароматных кальянов, гостей здесь ждет огромный выбор чая из разных уголков планеты, а также непринужденная дружеская атмосфера. Интерьер кальянной выполнен в светлых тонах, стены до половины отделаны кирпичом, как и колонны с барной стойкой. В зале для гостей размещены лаконичные столики и темные стулья, есть и мягкие зоны с комфортными белыми диванчиками. Кальянная &quot;ДЫМ&quot; - это место, в котором каждый может окунуться в атмосферу непринужденного отдыха, насладиться изысканным сочетанием ароматов и вкусов кальяна, раскрыть всю глубину благородного чая, забыв о суете окружающего мира.

Кальянная &amp; Гриль бар «ДЫМ» приглашает вас на:
-Ароматный и дымный кальян
-Огромные роллы и суши
-Вкуснейшее и сочное мясо на гриле
-Большой выбор настольных игр
-Кинопоказы лучших фильмов каждый ВТ, ЧТ и ВС
У нас проходят регулярные акции и шикарные скидки
Непревзойдённая атмосфера «ДЫМа» порадует каждого!","проспект Карла Маркса, 364в","53.2411","50.2379","465","1","499099","1"
"317","Кальянная Smoke Light | Самара","Кальянная Smoke Light в Самаре находится по адресу Самарская, 167",,"smoke-light","Smoke light","+7 987 916-02-70",,"https://instagram.com/smoke_light63","https://vk.com/smoke_light","500","0","0","0","0","0","25","0","Самое яркое место в центре Самары для всех любителей настоящего кальяна. Smoke Light является первым закрытым кальянным клубом, который активно набирает свою популярность в городе.","Самое яркое место в центре Самары для всех любителей настоящего кальяна. Smoke Light является первым закрытым кальянным клубом, который активно набирает свою популярность в городе.

Всегда для вас:
— Все виды элитных табаков
— Большой выбор элитных чаев и сладостей
— Одна из лучших тусовок в городе собралась здесь, чтобы открыть для вас эту атмосферу!

Мы - стараемся для вас, в любимом месте, где теплая атмосфера заложена в принципы нашей работы ","Самарская, 167","53.1957","50.106","476","1","499099","1"
"318","Кальянная Chill Air | Самара","Кальянная Chill Air города Самара находится по адресу Молодогвардейская, 166",,"chill-air","CHILL AIR","+7 987 908‒05‒11",,,"https://vk.com/chillair","620","1","0","0","0","0","10","1","Уют, x-box, вкусные дымные кальяны, чай и вкусняшки. Кальян у нас высочайшего уровня:)   Идем дальше: отличное разливное пиво по самой возможной низкой цене. Дешевле ты сможешь купить только воду в магазине","Прежде всего, мы хотим рассказать о формате нашего нового места. 
All In Room (AIR) - в переводе с английского означает &quot;все в комнате&quot;, эта фраза отражает основную идею нашего заведения, поясним: зайдя в Chill AIR, ты получишь практически все, что ты хочешь. 

Побывав во многих барах, клубах и кальянных Самары, мы пришли к выводу, что нет для нас такого места, куда, без лишних размышлений, мы отправились бы в свободный вечер. Работая над проектом Chill AIR, мы постоянно задавали себе вопрос: «А что бы МЫ хотели получить от заведения?». Спустя некоторое время, ответ был найден! Теперь наша команда смело может заявить, что Chill AIR гарантирует тебе лучшее качество во всем, по доступным ценам!

Теперь, хотим еще раз вернуться к &quot;все в комнате&quot;. Что же это &quot;все&quot;?
Начнем рассказ, наверное, с кальяна, который, лежит, наряду с еще несколькими пунктами, в основе Chill AIR, если ты внимательно прочитал предыдущий абзац, то объяснять, что кальян высочайшего уровня, не нужно. Но мы все-таки поясним - кальян у нас высочайшего уровня:) 

Идем дальше: отличное разливное пиво по самой возможной низкой цене. Дешевле ты сможешь купить только воду в магазине;) 
Конечно, если ты предпочитаешь: чай, кофе, лимонады различных марок(dr.pepper, pepsi, mountain dew и т.п.), сладости, солености, сэндвичи, закуски, печеньки и многое другое, то непременно получишь все это в Chill AIR!
Следом еще один базовый пункт, это - всевозможные средства развлечений, такие как: xbox, sega, kicker(настольный футбол), настольные игры и т.д.
Помимо всего выше перечисленного, Chill AIR будет радовать своих гостей регулярными трансляциями лучших футбольных матчей, а также просмотрами интереснейших фильмов и сериалов. 
Пожалуй, это вся вводная информация. Если все же остались какие-то вопросы, ты можешь найти ответ в группе, либо в любое время написать или позвонить нам, мы с удовольствием ответим!
Приходи, мы ждем именно тебя:)","Молодогвардейская, 166","53.1984","50.1037","487","1","499099","1"
"319","Кальянная Smoky People | Уфа","Кальянная Smoky People в городе Уфа располагается по адресу Ленина,32",,"smoky-people","Smoky People","+7 (347) 262‒78‒87","http://smokypeople.ru/","https://instagram.com/smokypeople","https://vk.com/smokypeople","600","1","0","0","0","0","10","1","Smoky People — это уютный кальян-бар в центре города Уфа! Который создан не только с упором на восточные традиции: курение кальянов, употребление эксклюзивного чая и восточных сладостей, но и как ночной клуб по выходным соблюдающий все модные тенденции в ","Smoky People — это уютный кальян-бар в центре города Уфа! Который создан не только с упором на восточные традиции: курение кальянов, употребление эксклюзивного чая и восточных сладостей, но и как ночной клуб по выходным соблюдающий все модные тенденции в современной танцевальной культуре.
Smoky People — это место, где собираются истинные ценители кальяна и восточных традиций, шумные компании, пары, избравшие его для первого свидания, любители поесть, повеселиться, потанцевать, расслабиться до и после клуба, куда гости приходят постоянно, где знают их вкусы и пристрастия, где они чувствуют себя уютно, расслаблено и комфортно!","Ленина, 32","54.7275","55.9485","495","1","479561","1"
"320","Кальянная Tche Tche | Самара","Кальянная Tche Tche находится в Самаре по адресу Самарская, 130",,"tche-tche-loundge","Tche Tche, лаунж-клуб","+7 (846) 991‒61‒11",,,"https://vk.com/loungetchetche","400","0","0","0","0","0","10","0","lounge Tche Tche – одна из лучших кальянных в Самаре, где можно расслабиться, устроившись в мягких зонах на подушках, покурить ароматный кальян, насладиться вкусом настоящего китайского чая, покушать вкусные роллы. Обслуживающий персонал в кафе приветлив ","lounge Tche Tche – одна из лучших кальянных в Самаре, где можно расслабиться, устроившись в мягких зонах на подушках, покурить ароматный кальян, насладиться вкусом настоящего китайского чая, покушать вкусные роллы. Обслуживающий персонал в кафе приветлив и внимателен, а сервис не вызывает никаких нареканий.

В нашем кафе вы можете воспользоваться бесплатно WI-FI интернетом!","Самарская, 130","53.1941","50.1058","505","1","499099","1"
"321","Кальянная Tche Tche | Самара","Кальянная Tche Tche находится в Самаре по адресу улица Промышленности, 296",,"tche-tche-loundge-club","Tche Tche, лаунж-клуб","+7 (846) 991‒61‒11",,,"https://vk.com/loungetchetche","400","0","0","0","0","0","10","0","lounge Tche Tche – одна из лучших кальянных в Самаре, где можно расслабиться, устроившись в мягких зонах на подушках, покурить ароматный кальян, насладиться вкусом настоящего китайского чая, покушать вкусные роллы. Обслуживающий персонал в кафе приветлив ","lounge Tche Tche – одна из лучших кальянных в Самаре, где можно расслабиться, устроившись в мягких зонах на подушках, покурить ароматный кальян, насладиться вкусом настоящего китайского чая, покушать вкусные роллы. Обслуживающий персонал в кафе приветлив и внимателен, а сервис не вызывает никаких нареканий.

В нашем кафе вы можете воспользоваться бесплатно WI-FI интернетом!","Промышленности, 296","53.2005","50.2252","516","1","499099","1"
"322","Кальянная meGusto | Санкт-Петербург","Кальянная meGusto находится в Санкт-Петербурге по адресу Владимирский проспект 5",,"megusto-sankt-peterburg","meGusto","+7 (812) 922‒05‒31","http://megusto.club/#!/news","https://instagram.com/megustospb/","https://vk.com/megustospb","300","0","0","0","0","0","10","0","Мы находимся в самом сердце нашего прекрасного города! Наши мастера делают просто «уносящие» кальяны! У нас есть игровая комната с XBOX и не только! В нашей кальянной постоянно проходят какие-нибудь розыгрыши или скидки! Не упусти свой шанс поучаствовать!","Цена за вход 300р/час
Цена при репосте 250р/час

Подробности по тлф или у кальянщика 

Ждем в гости по адресу: Владимирский проспект, дом 5
Телефон для брони: 922-05-31","Владимирский проспект 5","59.9313","30.3473","527","1","498817","1"
"323","Кальянная Marinari | Санк-Петербург","Кальянная Marinari находится в г.Санк-Петербург по адресу Невский проспект, 72",,"marinari-sankt-peterburg","Marinari","+7 (812) 983‒49‒70","http://www.marinari.spb.ru/",,"https://vk.com/marinarispb","550","1","0","0","0","0","10","1","Если вы пришли с друзьями или решили провести вечер в компании близкого человека, дружелюбные официанты проводят вас в отдельные комнатки, где вы почувствуете себя совершенно оторванными от мира, сможете наслаждаться общением с близкими людьми не боясь, ч","Клуб MARINARI расположенная в самом сердце Петербурга, по адресу: Санкт-Петербург, Невский пр., д. 72, справа от кинотеатра Кристалл палас открыта для Вас с 12 часов и до последнего клиента. 
Номер телефона 9834970 

&quot;МАРИНАРИ&quot; - оазис, где можно в любую минуту укрыться от городского шума, окунуться в невероятную атмосферу восточных сказок, почувствовать себя настоящим человеком в окружении преданных служителей. 

Попадая сюда с улицы, забываешь все вопросы бытия, оставляешь все проблемы и окунаешься в мир грез и всевозможных желаний. 

Если вы пришли с друзьями или решили провести вечер в компании близкого человека, дружелюбные официанты проводят вас в отдельные комнатки, где вы почувствуете себя совершенно оторванными от мира, сможете наслаждаться общением с близкими людьми не боясь, что вас могут прервать или побеспокоить другие посетители нашего бара. Всегда баре играет приятная фоновая музыка.
Телефон для резерва столов и VIP кабинок
983-49-70","Невский проспект, 72","59.9334","30.3463","538","1","498817","1"
"324","Кальянная Saint-P Smoke | Санкт-Петербург","Кальянная Saint-P Smoke находится в Санкт-Петербурге по адресу Владимирский проспект 1/47",,"saint-p-smoke-sankt-peterburg","Saint-P Smoke","+7‒911‒904‒70‒37",,,"https://vk.com/saintpsmoke","500","1","0","0","0","0","10","1","Saint-P Smoke открывает свои двери для настоящих любителей отличного, густого и по-настоящему вкусного кальяна. Для вас представлена отличная линейка разнообразных видов табаков, от легких и мягких, до крепких и очень насыщенных. ","Saint-P Smoke открывает свои двери для настоящих любителей отличного, густого и по-настоящему вкусного кальяна. Для вас представлена отличная линейка разнообразных видов табаков, от легких и мягких, до крепких и очень насыщенных. Придя к нам вы будете всегда ощущать уют и тепло, которое подарят вам гостеприимные кальянщики и конечно же само заведение SPS. Вы не только насладитесь дымным кальяном, ароматными чаями, настольными играми, но и вдохнете в себя всю красоту и величие Санкт-Петербурга.

Мы находимся в самом сердце Петербурга.
Адрес:
Владимирский проспект 1/47","Владимирский проспект 1/47","59.9322","30.3469","549","1","498817","1"
"325","Кальянная Золотой гранат | Санкт-Петербург","Кальянная Золотой гранат г. Санкт-Петербург адрес Старо-Петергофский проспект, 15",,"zolotoi-granat-loundge-bar-sankt-peterburg","Золотой гранат, lounge-бар","+7 (812) 922‒26‒77",,"https://instagram.com/zolotoy_granat/","https://vk.com/zolotoygranat","620","0","0","0","0","0","10","0","В историческом центре Петербурга, недалеко от станции метро ""Технологический институт"" открылся небольшой, светлый и приятный уголок, где время практически останавливается – Lounge-bar ЗОЛОТОЙ ГРАНАТ. По Предварительной записи!","В Санкт-Петербурге появилось новое место, спрятанное от чужих и открытое только для своих. Заведение работает в формате частного клуба.

Это мир без суеты, с уютной атмосферой гостиной и изысканным интерьером. Все это дополняется множеством вкусных авторских коктейлей и сладостей.

Наша философия против рамок и шаблонов, каждый кальян создаётся с учётом ваших личных вкусовых предпочтений и неограниченных фантазий.

Друзья, предварительный резерв столиков ОБЯЗАТЕЛЕН!","Старо-Петергофский проспект, 15","59.9128","30.277","560","1","498817","1"
"335","Smoke bar Ugli Кальянная Казань","Классная кальянная, очень душевная и уютная. И самое главное кальян на пять с плюсом, много разнообразных вкусных вкусов. Приятное дополнение это настольные игры, весело с компанией подымить и поиграть. ",,"smoke-bar-ugli","Smoke bar Ugl","+7(962)552‒28‒12",,"https://instagram.com/_smoke_bar_ugli","https://vk.com/club79374575","500","0","0","0","0","0","10","1","Smoke bar Ugli-прекрасное уютное место, которое Вы можете посетить с любимым человеком или с друзьями и душевно провести время. Главная особенность Smoke bar Ugli-это разнообразное кальянное меню со всевозможными видами табаков и табачных миксов. ","Smoke bar Ugli-прекрасное уютное место, которое Вы можете посетить с любимым человеком или с друзьями и душевно провести время.
Главная особенность Smoke bar Ugli-это разнообразное кальянное меню со всевозможными видами табаков и табачных миксов. 
Мы первое заведение с выделенной зоной для курения кальяна на табачной основе.

Наши профессиональные кальянщики приготовят для Вас настоящий ароматный кальян, который поможет Вам расслабиться и провести чудесно время в компании близких. 
Выбирая место для проведения своего досуга с целью покурить кальян в Казани и приятно провести время, свой выбор безусловно стоит остановить на Smoke bar Ugli, ведь это кальянная, куда обязательно захочется вернуться!","Сибгата Хакима,40а","55.8146","49.1345","578","1","551487","1"
"336","Мята лаунж Кальянная Казань","Любимое многим заведение теперь можно найти и в Казани. Здесь можно не только покурить, но и приятно пообедать и выпить вкусный чай.",,"myata-launzh-kalyannaya-kazan","Мята лаунж","+7(843)225‒03‒87",,,"https://vk.com/myatalounge","700","0","0","0","0","0","10","1","Мята Lounge является первым закрытым кальянным клубом, которое активно развивает свою сеть по всей России. ","<p>Самое яркое место в центре Казани, для всех любителей настоящего кальяна. Мята Lounge является первым закрытым кальянным клубом, которое активно развивает свою сеть по всей России. </p>

<p>Мята Lounge сегодня это:</p>
<ul>
<li>Самые топовые вкусы кальяна и не только;</li>
<li>Большой выбор элитных чаев;</li>
<li>Самые лучшие кальянщики города перебрались к нам, для того что бы собрать все лучшее в одном месте;</li>
<li>Европейская и азиатская кухня;</li>
<li>Мята Longe это место уюта и комфортна, где теплая атмосфера заложена в принципы работы мятного семейства.</li>
</ul>","Пушкина, 54/1","55.7945","49.1257","589","1","551487","1"
"337","Meduza","Meduza lounge в городе Казань - это зона свободного общения, развлечений и отдыха. Приходи и убедись в этом сам, а мы уже готовим кальян именно для тебя.",,"meduza-lounge-bar-kazan","Meduza, lounge-bar","+7(843) 253‒44‒96",,,"https://vk.com/meduzalounge","500","0","0","1","1","1","10","1","Закрытый клуб ""Meduza lounge"" открыта и очень ждет Вас в гости. Интересные фильмы на большом экране, различные настольные и видео игры. Так же ароматные кальяны и вкуснейшие чаи. Алкоголь можете принести с собой. ","<p>Закрытый клуб <strong>""Meduza lounge""</strong> открыта и очень ждет Вас в гости. Интересные фильмы на большом экране, различные настольные и видео игры. Так же ароматные кальяны и вкуснейшие чаи. Алкоголь можете принести с собой. </p>
<p>Ждем вас наши дорогие гости!</p>","Парижской Коммуны, 14","55.7826","49.113","600","1","551487","1"
"338","Наше Место Кальянная в Казани","Кальянная ""Наше Место"" находится на Чистопольской, 48 в городе Казань.",,"nashe-mesto-kalyannaya-kazan","Наше Место","+7(843) 245‒27‒27",,"https://www.instagram.com/nashemestokzn/","https://vk.com/nashemestokzn","500","0","0","0","1","1","8","0","Замечательная обстановка, внимательный персонал, приятная музыка. Если хотите приятно провести - то вам к нам. Время у нас летит незаметно, оставляя только положительные эмоции.","<p>До 18.00 кальян стоит 500 руб.</p><p>Находимся мы по улице Чистопольская, 48, в нашей кальянной вы можете с друзьями поиграть в настольные игры и покурить ароматный кальян.</p><p>Табаки: альфакир, нахла, дубака, афзал, блюби, альфахама, аргилиньо + премиум табаки Танжирс, Фумари</p>","Чистопольская, 48","55.8184","49.1271","611","1","551487","1"
"339","ДымRoom Кальянный клуб Казани","Кальянный Клуб ДымRoom, если хочется расслабиться, подымить и попить чай приходи к нам находимся по адресу - город Казань ул. Островского 67, вход со двора! ",,"dymroom-kazan","ДымRoom","+7(987)226‒27‒67","http://дымрум.рф","https://www.instagram.com/dm_room/",,"350","0","0","0","0","0","10","0","Здесь каждый себе найдёт занятие по душе — бесконечные битвы на X-Box, ароматные кальяны, настольные игры, хорошая музыка и крайне интересные персонажи.","<p>Кальянный клуб Дым Room — уютное заведение в самом центре Казани. Здесь каждый себе найдёт занятие по душе — бесконечные битвы на X-Box, ароматные кальяны, настольные игры, хорошая музыка и крайне интересные персонажи! Настоящая зона комфорта — здесь нереально увидеть назойливых официантов, навязывающих свои гастрономические предпочтения — еду и напитки можно приносить с собой. Доставка пиццы и прочих вкусняшек приветствуется, так что выбор только за Вами. Кроме того, Вы можете приносить с собой алкоголь, в заведении введен вполне гуманный пробковый сбор. Полная свобода действий, полёт фантазии и только хорошие эмоции — это Дым Room.</p>","Островского, 67","55.7836","49.126","619","1","551487","1"
"340","Amsterdam, центр паровых коктейлей","Любишь азартные игры? Тогда тебе к нам: Дженга, Иманджинариум, Свинтус, Уно, нарды, карты и многое другое ждёт тебя в #iamsterdam_kzn И при этом тебя всегда будут радовать улыбчивые кальянщики, вкусный чай и ароматные кальяны.",,"kalyannaya-amsterdam-kazan","Amsterdam","+7(906)110‒11‒82",,"https://www.instagram.com/iamsterdam_kzn/","https://vk.com/iamsterdam_kzn","600","0","0","0","0","0","10","0","Если тебе не хватает позитивного настроения, тебе срочно нужно посетить нас.  Здесь тебя всегда ждут искренний смех, дружеские объятия и естественно невероятные кальяны от прирожденных кальянщиков! ","<p>Об акциях и мероприятиях вы можете узнать из группы в Вконтакте</p>","Большая Красная, 34","55.7974","49.1228","631","1","551487","1"
"341","Кальянный клуб Кислород [О2] в городе Казань","Кальянный клуб ""Кислород [О2] "" О2 «Мы объединяем людей». Бронь столов: 297-06-26 г. Казань ул.Сафиуллина 8а, вход через Августину",,"kalyannyj-klub-kislorod-o2","Кислород [О2]","+7(987)297‒06‒26",,"https://www.instagram.com/kislorodkzn/","https://vk.com/kislorodkzn","500","0","0","1","0","1","10","1","Мы ищем подход к каждому посетителю, и делаем все с любовью, и все для Вас.Множество разных, потрясающих и освежающих табаков, которые вы сможете попробовать. ","<p>Изысканная кальянная для истинных ценителей ароматного дыма.</p><p>Здесь вы почувствуете себя в своей атмосфере. Мы ищем подход к каждому посетителю, и делаем все с любовью, и все для Вас.</p><p>Множество разных, потрясающих и освежающих табаков, которые вы сможете попробовать. Также для любителей кальяна на дому, открыта табачная лавка, где вы сможете приобрести самые редкие и брендовые наполнители.</p><p>Наше меню включает в себя не только ароматный пар и множество вкусных чаев, но и большой ассортимент молочных коктейлей, фруктовых и ягодных смузи, лимонадов и прохладительных напитков,приготовленных с любовью и от которых Вы придете в восторг!</p><p>Мы открыты каждый день с 12:00, и ждем Вас на кальян!!</p><p>У нас действует акция <strong>каждый второй кальян 250 рублей.</strong></p>","Сафиуллина, 8а","55.7535","49.2176","642","1","551487","1"
"342","MALINA, клуб","MALINA, клуб г. Казань, Ул. Космонавтов, д. 1, справа от Burger Club",,"malina-klub-kazan","MALINA, клуб","+7(906)322‒23‒21",,,"https://vk.com/malina_kzn","700","1","0","0","0","0","5","0","Танцпол, алкоголь, кальяны что еще нужно, чтобы весело провести время?","<p>Проведите приятный вечер!</p><p>Отдохните от городской суеты!</p><p>Расслабьтесь за чашечкой вкусного чая!</p><p>Насладитесь ароматным кальяном!</p><p>Согрейтесь в атмосфере позитива!</p><p>Мы сделаем все для вас!</p><p>Ждем в гости дорогие гости!!!</p>","Космонавтов, 1","55.8023","49.1872","651","1","551487","1"
"343","Кальянная Continent Казань","Кальянная Continent г.Казань ул. Г.Кайбицкой 6А (вход через амбар). Будем рады Вас видеть.",,"kalyannaya-continent-kazan","Continent","+7(951)066‒65‒38",,"https://www.instagram.com/continent.kzn/","https://vk.com/continentkzn","400","1","0","0","0","0","10","1","Индивидуальные кабинки оформленные в своем стиле. Чай, кальян, печеньки легкий алкоголь и видеоигры.","<p>Теперь Continent работает для Вас с 18-1 каждый день, а в пт и сб до 2, по адресу Г.Кайбицкой 6А (вход через амбар). Будем рады Вас видеть!</p><p>Следите за новостями) И участвуйте в наших блиц-опросах) А самые активные получат приятные бонусы.</p><p>Тел. для брони: 8(951)066-65-38.</p><p>P.S. У нас Вы найдете то, что так давно искали. Качество гарантируем!</p>","Галии Кайбицкой, 6а","55.7787","49.2321","658","1","551487","1"
"344","Уникальная Кальянная ""Unity Hall"", Казань","""Unity Hall"", уникальная кальянная расположенная в городе Казань по адресу ул. Бутлерова 21",,"unikalnaya-kalyannaya-unity-hall-kazan","Unity Hall","+7(905‒)377‒18‒50",,,"http://vk.com/ukkzn","500","0","0","0","0","0","10","1","Уникальность! Каждый день новые события.","<p>Уникальность.Каждый день новые события.</p><p>Концертные мероприятия, вечера кальянных знаний и экспериментов, Stand Up, закрытые культовые вечеринки и не только...</p><p>Каким бы отличным не был Ваш кальян, мы не ставим его целью посещения.</p><p>На то мы и Уникальная Кальянная: мы хотим предложить Вам нечто иное, свой мир, в котором за лояльность Вы получите нечто большее...</p><p>Настоящие эмоции от посещения, которые Вы оцените по своему усмотрению.</p><p>До встречи в единственной Уникальной Кальянной Казани, до встречи в UNITY HALL.</p>","Бутлерова, 21","55.7879","49.1302","668","1","551487","1"
"345","GR8PEOPLEKAZAN, центр паровых коктейлей Казань","GR8PEOPLEKAZAN располагается в замечательном городе Казань по улице Достоевского, 44/6",,"gr8peoplekazan","GR8PEOPLEKAZAN","+7(903)388‒89‒77",,"https://www.instagram.com/gr8peoplekazan/","https://vk.com/gr8peoplekazan","300","1","0","0","0","0","10","0","Огромный выбор табака, 2 зала различной тематик, Xbox, пиво, низкие цены, отзывчивый персонал.","Кальян, заправленный душой,
В нём вперемежку с мишурой
И тлен, и пепел рифм сгоревших
Стихов моих осиротевших.

Пуста постель в анклаве ночи.
Огня и холода война.
Бокал сливового вина
Мой сон мечтами оторочил.

В нём вместо смысла ритмы танго.
Среди сияния свечей
Я - связка брошеных ключей
Забытых дней, и мякоть манго.

И ты, обидчик нежный мой,
От моей плоти снова пьян,
Ты куришь пристрастно кальян
Моей заправленный душой","Достоевского, 44/6","55.7873","49.1507","677","1","551487","1"
"346","Club Mint, клуб любителей кальяна Ульяновск","Club Mint, клуб любителей кальяна в городе Ульяновск по улице Федерации, 6",,"klub-mint-ulyanovsk","Club Mint","+7(917)613‒05‒43",,"https://www.instagram.com/club_miint/","https://vk.com/clubmiint","500","0","0","0","0","0","10","1","Уютная обстановка, можно поиграть в нарды, и в шахматы или просто поболтать с друзьями на удобных диванчиках.","У нас замечательная еда, делаем отличные кальяны. Заведение порадует вас уютной обстановкой, где вы сможете поиграть в нарды и шахматы, и просто общаясь с друзьями на удобных диванах. Рекомендуем посетить наше заведение и зарядиться приятной атмосферой и отличным настроение.","Федерации, 6","54.3208","48.3948","687","1","479123","1"
"347","Oz, кальянная в Ульяновске","Oz, кальянная в городе Ульяновск по адресу Гончарова 30 ст1 офисный центр ""Сенатор""",,"oz-kalyannaya-v-ulyanovske","Oz","+7 (8422) 95‒26‒26",,"https://www.instagram.com/oz__73/",,"500","0","0","0","0","0","10","0","Хорошие люди, приятный интерьер и знатные кальяны во всем Ульяновске.","<p>Хорошие люди, приятный интерьер и знатные кальяны во всем Ульяновске.</p>","Гончарова 30, ст1","54.3164","48.3964","701","1","479123","1"
"348","Smoke Station кальянная в городе Ульяновск","Smoke Station кальянная в городе Ульяновск находимся по улице Мира 2-й переулок, 24",,"smoke-station-ulyanovsk","Smoke Station","+7 8422)763‒523",,"https://www.instagram.com/smoke_station/","https://vk.com/smokestation73","500","0","0","0","0","0","10","0","Закрытый клуб, формата анти-кафе.Хоть и не первая, но определено лучшая кальянная города.","<p>Закрытый клуб, формата анти-кафе.</p><p>Хоть и не первая, но определено лучшая кальянная города. Лучший табак и редкое сочетание вкусов приведет в восторг главных ценителей вкусного дыма, а непринужденная и домашняя атмосфера расслабит тружеников в конце рабочего дня. Приходи, посмотри, попробуй и уверяю, ты вернешься к нам снова.</p>","Мира 2-й переулок, 24","54.321","48.3975","717","1","479123","1"
"349","Кальянная Комильфо в Ульяновске","Кальянная Комильфо в Ульяновске располагается по улице Федерации, 6",,"komilfo-ulyanovsk","Комильфо","+7(909)360‒68‒14",,,"https://vk.com/club63202208","500","1","0","0","0","0","10","1","Постоянный персонал, обстановка оформлена в восточном стиле, с цокольным этажом. В зале есть отдельные кабинки ограниченные торами.","<p>Постоянный персонал, обстановка оформлена в восточном стиле, с цокольным этажом. В зале есть отдельные кабинки ограниченные торами.</p>","Федерации, 6","54.3208","48.3948","724","1","479123","1"
"350","Aurelia кальянная Ульяновск","Кальянная Aurelia располагается в городе Ульяновск на улице Гончарова, 44",,"aurelia-kalyannaya-ulyanovsk","Aurelia","+7(8422)70‒89‒12",,"https://www.instagram.com/aurelia_ulyanovsk/","https://vk.com/aurelia73","500","0","0","0","0","0","10","0","Будние дни с 15.00 и до последнего гостя, в выходные с 18.00 и до последнего гостя","<p>Молодое заведение Aurelia в Ульяновске уже завоевывает популярность. Хорошие и дымные кальяны гарантированы! Вас ожидают прославленные кальянные мастера, киловаты музыки и неповторимая атмосфера безбашенных вечеринок</p>","Гончарова, 44","54.3195","48.3991","731","1","479123","1"
"351","Кальянная Liberty в Ульяновске","Кальянная Liberty в Ульяновске находится на улице Верхнеполевая, 1 вход со двора",,"liberty-ulyanovsk","Liberty","+7(8422)75‒50‒69",,"https://www.instagram.com/liberty_hookah_lounge/","https://vk.com/liberty_uln","500","1","0","0","0","0","10","1","Lounge заведение Liberty - это совершенно новое место в Ульяновске. Место где вы можете обрести спокойствие и покой, освободится и забыть насущные проблемы, окунуться в атмосферу дружбы, уюта и комфорта.","<p>Lounge заведение Liberty - это совершенно новое место в Ульяновске. Место где вы можете обрести спокойствие и покой, освободится и забыть насущные проблемы, окунуться в атмосферу дружбы, уюта и комфорта.</p><p>(Вход со двора)</p><p>Бронь столиков ведется по телефону.</p>","Верхнеполевая, 1","54.3253","48.3864","740","1","479123","1"
"352","Кальянная Haze в городе Ульяновск","Кальянная Haze в городе Ульяновск находится на Ленинского Комсомола проспект, 19 вход сзади здания",,"haze-ulyanovsk","Haze","+7(8422)76‒03‒50",,"https://www.instagram.com/hazebar73/","https://vk.com/hazebar73","500","1","0","0","0","0","10","0","Наша барная dream team примет вас в свои алкогольно-дымные объятия и вы не захотите уходить.","<p>Отличная атмосфера и сочные миксы! Мы ждём Вас в том же месте и в те же часы! Пятницы и субботы в Haze обещают быть дымными, приятными на слух и крепкими на вкус. Надеемся, все готовы встретить викенд под отличную музыку. А наша барная dream team примет вас в свои алкогольно-дымные объятия и вы не захотите уходить.</p>","Ленинского Комсомола проспект, 19","54.382","48.5985","749","1","479123","1"
"353","Кальянная Black Shark в городе Ульяновск","Кальянная Black Shark в городе Ульяновск находится на улице Рябикова, 22Б",,"black-shark-ulyanovsk","Black Shark","+7(8422)74‒66‒97",,"https://www.instagram.com/black_shark_73/","https://vk.com/blacksharkhookahbar","400","0","0","0","0","0","10","0","Люди отдыхают, дымят а как ты проводишь свой вечер? Наши кальянщики готовы радовать вас дымными и вкусными кальянами по самым низким ценам!","<p>Люди отдыхают, дымят а как ты проводишь свой вечер? У нас вы можете насладиться вкусными и дымными кальянами по самым низким ценам в городе с любимым наполнителем для колбы, а так же на вашем любимом фрукте! </p><p>Работаем до последнего клиента! </p>","Рябикова, 22Б","54.2843","48.2999","760","1","479123","1"
"354","Кальянная Greenwich pub | Ульяновск","Кальянная Greenwich pub в городе Ульяновск находится на улице Водопроводная, 4",,"greenwich-pub-ulyanovsk","Greenwich pub","+7(906)140‒00‒44",,"https://www.instagram.com/greenwich_bar/","https://vk.com/greenwich_pub_ul","400","1","0","0","0","0","10","0","Любители кальяна найдут здесь огромный выбор вкусов. Укройтесь от городского шума и повседневной суеты, подарите себе незабываемые вечера у нас в кальянной.","<p>Для всех любителей кальяна, расслабляющей музыки, вкуснейших чаёв и горячительных напитков открылись мы Greenwich pub - кальянная-бар в Ульяновске.</p><p>У нас Вы почувствуете себя другом, долгожданным гостем!</p><p>Любители кальяна найдут здесь огромный выбор вкусов.</p><p>Укройтесь от городского шума и повседневной суеты, подарите себе незабываемые вечера у нас в кальянной./p>","Водопроводная, 4","54.3008","48.3674","767","1","479123","1"
"355","Кальянная ""Хоттабыч"" | Уфа","Кальянная ""Хоттабыч"" в Уфе располагается по улице Загира Исмагилова, 10",,"hottabych-ufa","Хоттабыч","+7(927)342‒00‒20",,"https://www.instagram.com/kalyannaya_hottab/","https://vk.com/hottab020","500","0","0","0","0","0","10","0","Приглашаем вас в кальянную ""Хоттабыч"". Для посетителей имеется две VIP комнаты, два больших общих зала вместимостью более 60 человек. ","<p>Приглашаем вас в кальянную ""Хоттабыч"".</p><p>Для посетителей имеется две VIP комнаты, два больших общих зала вместимостью более 60 человек. К вашим услугам большой ассортимент табака: Argelini, Afzal, Nakhla, Adalya, Doobacco, Dark Side, Fumari, Tangiers и тд(более 50 вкусовых сортов). </p>
<p>Также имеются прохладительные напитки, чай( более 10 сортов), кофе. Очень уютная атмосфера(wifi,телевидение, музыка).</p><p>С уважением, Хоттабыч</p>","Загира Исмагилова, 10","54.6967","55.9839","777","1","479561","1"
"356","Кальянная Rahat | Уфа","Кальянная Rahat в Уфе по улице Мингажева, 127",,"rahat-ufa","Rahat","+7(917)372‒28‒28",,"https://www.instagram.com/rahatufa/","https://vk.com/rahatufa","400","0","0","0","0","0","10","0","У нас отличные кальян, очень уютно и обслуживание на самом высоком уровне.","<p>У нас отличные кальян, очень уютно и обслуживание на самом высоком уровне. Приходите к нам и вы не пожалеете о проведенном у нас времени.</p>","Мингажева, 127","54.7357","55.971","786","1","479561","1"
"357","Кальянная Marrakech Time | Уфа","Кальянная Marrakech Time в Уфе на улице Бабушкина, 52",,"kalyannaya-marrakech-time-ufa","Marrakech Time","+7(937)338‒66‒01",,"https://www.instagram.com/marrakech_time/","http://vk.com/marrakechtime","500","0","0","0","0","0","10","0","Проведите выходной в уютной обстановке востока!","Проведите выходной в уютной обстановке востока!","Бабушкина, 52","54.7428","55.9864","797","1","479561","1"
"358","Кальянная Hookah Smoke | Уфа","Кальянная Hookah Smoke в Уфе по улице Обская, 2",,"kalyannaya-hookah-smoke-ufa","Hookah Smoke","+7(937)353‒63‒33",,"https://www.instagram.com/hookah_smoke_ufa/","https://vk.com/hookah_smoke_ufa","500","0","0","0","0","0","10","0","Кальян, чай, wifi zone, настольные игры","<p>Кальян, чай, wifi zone, настольные игры.</p>","Обская, 2","54.7159","56.0011","807","1","479561","1"
"359","Кальянная Pallet Warehouse | Уфа","Кальянная Pallet Warehouse в Уфе находимся мы на улице Юрия Гагарина 80 (третий этаж)",,"kalyannaya-pallet-warehouse-ufa","Pallet Warehouse","+7(989)955‒50‒50",,"https://www.instagram.com/pallet_ufa/","https://vk.com/pallet_ufa","500","0","0","0","0","0","10","0","Потрясающий интерьер, каждый квадратный сантиметр сделан своими руками. Шикарные кальяны и большой выбор табака.","<p>Потрясающий интерьер, каждый квадратный сантиметр сделан своими руками. Шикарные кальяны и большой выбор табака.</p>","Юрия Гагарина, 80","54.7792","56.0735","818","1","479561","1"
"360","Кальянная Underground  | Уфа","Кальянная Underground в Уфе находится на улице Победы, 39",,"kalyannaya-underground-ufa","Underground","+7(917)497‒40‒07",,"https://www.instagram.com/Underground_ufa/","https://vk.com/club80678077","500","1","0","1","1","1","10","0","Мы будем рады видеть вас в гости 7 дней в неделю с 18.00 до последнего гостя. У нас Вы можете недорого, насладиться чарующей магией аромата качественного кальянного табака ","<p>Мы будем рады видеть вас в гости 7 дней в неделю с 18.00 до последнего гостя. У нас Вы можете недорого, насладиться чарующей магией аромата качественного кальянного табака . Для создания атмосферы отпуска ,беззаботности и тепла сдобренная ритмами приятной музыки, всегда в наличии только лучший табак, уголь, чашки глиняные и керамические, шланги классические и аксессуары.</p><p>5 причин попробовать кальян и чай в « Underground»:</p><ul><li>Мы продаем только свежий и качественный табак.</li><li>У нас удобное месторасположение.Мы находимся в самом центре Черниковки ул.Победы 39.</li><li>Возможность насладится не только табаком, но и качественным чаем, а к нему– изысканные восточные сладости и сухофрукты</li><li>У нас два зала. Один из них VIP – где наши гости могут в дружеской компании посмотреть множество хороших фильмов. Также у нас много других интересных и увлекательных игр.</li><li>Мы гарантируем качественный отдых ! Вы почувствуете уют, гостеприимство, комфорт.</li></ul>","Победы, 39","54.8219","56.0827","829","1","479561","1"
"361","Кальянная ""Чих - Пых"" | Уфа","Кальянная ""Чих - Пых"" в Уфе на улице Максима Рыльского, 14",,"kalyannaya-chih-pyh-v-ufe","Чих - Пых","+7(917)798‒44‒44",,,"https://vk.com/4uxpux","400","1","0","0","0","0","10","1","Дорогие друзья, приглашаем вас покурить вкусные, дымные, а главное качественные кальяны в ""Чих-Пых""! Вас ждет уютная и приятная атмосфера! Прохладительные напитки, европейская и японская кухня!","<p>Весь день мечтаю о тебе, 
И это не обман...
Скорей к тебе, 
Скорей к тебе...
Любимый мой кальян!
Если вы соскучились по дымному и фруктовому кальяну, то спешите к нам!</p>","Максима Рыльского, 14","54.7685","56.0697","837","1","479561","1"
"362","Кальянная Loft | Уфа","Кальянная Loft в Уфе по улице ул. Гагарина, 1/3, ТРК ""Олимп"", 4 этаж",,"kalyannaya-loft-v-ufe","Loft","+7(989)958‒54‒44","http://www.loft-ufa.ru/","https://www.instagram.com/bar_restaurant_loft_/","http://vk.com/loft_ufa","850","1","0","0","0","0","10","1","«LOFT» -  стильный Bar & Restaurant с роскошным интерьером, отличной европейской кухней, кальяном и разнообразной развлекательной программой.","<p>Интерье Bar & Restaurant LOFT полностью отражает его названиеп: кирпичная кладка стен с нарочито небрежными ""ободранными"" панелями, металлические конструкции на потолке, к которым крепятся многочисленные точечные светильники и разные по стилистике люстры, грубая мебель соседствует с мягкими креслами, массивные стеллажи, на которых то там, то здесь уместно расположились разнообразные сувениры,- всё это создает ощущение отлично продуманного дизайна, атмосферность которого впечатлит любого, кто понимает значение понятия ""стиль"". Сюда приходят, чтобы в уютной, приватной обстановке послушать живые выступления музыкантов, для которых в Bar & Restaurant LOFT имеется небольшая сцена, оснащенная современным оборудованием. Здесь проходят зажигательные клубные вечеринки, разнообразные шоу-программы.</p><p>Кухня в Bar & Restaurant LOFT преимущественно европейская и японская: холодные закуски, разнообразные салаты, большой выбор супов, стейки, блюда из мяса и рыбы, на гриле, пицца, суши, роллы, роскошные десерты, шикарная винная  и коктельная карта.</p><p>Своим посетителям Bar & Restaurant LOFT предлагает сытные бизнес-ланчи, банкетное меню, возможность организации праздников.</p><p>Bar & Restaurant LOFT- идеальное место для тех, кто ищет атмосферное заведение, позволяющее не только отлично пообедать, но и полноценно и разнообразно отдохнуть.</p>","ул. Гагарина, 1/3, ТРК ""Олимп"", 4 этаж","54.7652","56.0506","848","3","479561","1"
"363","Кальянная Mint | Уфа","Кальянная Mint в Уфе по адресу улица Космонавтов д. 7 ",,"kalyannaya-mint-v-ufe","Mint","+7(347)299‒59‒94",,"https://www.instagram.com/mint_hookah_ufa/","https://vk.com/hookahmint","600","0","0","1","1","1","10","0","В нашем ассортименте огромный выбор элитного чая. Так что мы радуем не только густым дымом кальяна, но и создаем для вас уют.","<p>Мы представляем Вашему вниманию Авторскую Чайную Кальянную ""Мята"". </p><p>В нашем ассортименте огромный выбор элитного чая. Так что мы радуем не только густым дымом кальяна, но и создаем для вас уют.</p><p>Каждый день вы можете приходить к нам, чтобы познакомиться с чем-то новым и поиграть в любимые игры на консолях.</p>","ул. Космонавтов д. 7","54.8189","56.0629","858","1","479561","1"
"364","Кальянная  ""Этажи"" | Уфа","Кальянная  ""Этажи"" в Уфе по адресу Октября проспект, 39",,"kalyannaya-ehtazhi-v-ufe","Этажи","+7(347)266‒61‒71",,,"https://vk.com/kalyan_ufa_etagy","600","1","0","0","0","0","10","0","Помимо ароматного кальянна, у нас есть X-BOX, Sony Playstation, 3D Oculus.","<p>Помимо ароматного кальянна, у нас есть X-BOX, Sony Playstation, 3D Oculus.</p>","Октября проспект, 39","54.7525","55.9995","869","1","479561","1"
"365","Кальянная Art Shiha | Уфа","Кальянная Art Shiha в городе Уфе находится по адресу Комсомольская, 153/2",,"kalyannaya-art-shiha-ufa","Art Shiha","+7(962)528‒07‒67",,"https://www.instagram.com/artshishaufa/","https://vk.com/club94070736","500","0","0","0","0","0","10","0","У нас имеется большое количество вкусного табака, который ждёт вашего прихода!","У нас имеется большое количество вкусного табака, который ждёт вашего прихода!","Комсомольская, 153/2","54.7629","56.0203","880","1","479561","1"
"366","Кальянная Диван | Уфа","Кальянная Диван в Уфе находится по адресу улица Космонавтов, 14. Dиван-лучшее место! 2зала, VIPзона, Wi-Fi, Xbox, настольные игры, кофе на вынос,пончики.",,"kalyannaya-divan-ufa","Диван","+7(347)266‒51‒46",,"https://www.instagram.com/divan_lounge/",,"500","0","0","0","1","1","20","1","Dиван-лучшее место! 2зала, VIPзона, Wi-Fi, Xbox, настольные игры, кофе на вынос,пончики.","<p>Dиван-лучшее место! 2зала, VIPзона, Wi-Fi, Xbox, настольные игры, кофе на вынос,пончики.</p>","Космонавтов, 14","54.8178","56.0642","891","1","479561","1"
"367","Кальянная ""Zona 69"" | Казань kalyan.space","Кальянная ""Zona 69"" находится в Казани по адресу",,"kalyannaya-zona69-kazan","Zona 69","+7(843) 203-42-49",,"https://www.instagram.com/zona69_kzn/","https://vk.com/zona69_kzn","500","0","0","0","0","0","10","0","Zona 69 - интересная кальянная в самом центре Казани на улице Пушкина. Заведение находится не в подвале, а на 3 этаже, что является большим преимуществом по сравнению со многими другими заведениями.","<p>У нас вы найдете немалый выбор табаков и кальянов, в том числе кальяны Figaro, Temple, Shapes. Так же в 2015 году мы обновили дизайн, что сделало заведение более уютным и теплым.</p><p>От нашего заведения останутся приятные эмоции, днем у нас тихо и спокойно, а вечером царит клубная атмосфера. Советуем посетить нашу кальянную.</p>","Пушкина, 52","55.7941","49.1257","905","1","551487","1"
"368","Кальянная Time Out Ульяновск","Кальянная Time Out Ульяновск находимся по адресу Героев Свири, 4а",,"kalyannaya-time-out-ulyanovsk","Time Out","+7(951)098-20‒10",,,"https://vk.com/timeout73","400","0","0","1","0","0","10","0","Дорогие друзья! Рады Ваc видеть в нашем заведении для отдыха в Ульяновске Lounge club “TimeOut” Уникальный островок тепла и уюта.","<p>Не знаете что и где покурить? Ждем Вас в кальянной Time Out у нас вы найдете большой выбор табаков: tangiers, Starbuzz, Fumari, Darkside.</p><p>Для особых ценителей мы сделаем вам чашу на фрукте.</p>","Героев Свири, 4а","54.2624","48.3271","918","1","479123","1"
"369","Bedouin house Ульяновск","Кальянная Bedouin house в Ульяновске находится по адресу Новосондецкий бульвар, 19а",,"kalyannaya-bedouin-house-ulyanovsk","Bedouin House","+7 (8422) 98‒48‒48","https://vk.com/bedouin_house","https://www.instagram.com/bedouin_house73/",,"600","0","0","0","1","1","10","0","Думаете и еще до сих пор не решили где покурить кальян? Тогда наша кальянная именно одно из тех мест, которое сможет вас порадовать ценами, атмосферой и конечно же ароматным кальяном.","<p>Наша кальянная порадует вас красивым интерьером, внимательным персоналом и дымными кальянами.</p><p>Думаете и еще до сих пор не решили где покурить кальян? Тогда наша кальянная именно одно из тех мест, которое сможет вас порадовать ценами, атмосферой и конечно же ароматным кальяном.</p>","Новосондецкий бульвар, 19а","54.3803","48.5788","927","1","479123","1"
"370","Кальянная Example Lounge | Казань","Кальянная Example Lounge находиися в городе Казань по адресу ул. Галиаскара Камала 4а, работаем до последнего гостя.",,"kalyannaya-example-lounge-kazan","Example Lounge","+7 (843) 290‒09‒07",,"https://www.instagram.com/examplekzn/","https://vk.com/example_lounge","500","0","1","1","0","1","10","1","Не знаете где покурить кальян, тогда вам нужно к нам. Приятная атмосфера, самые крутые кальянщики Казани порадуют вас дымными и ароматными кальянами.","<p>Важно: стоимость часа курение кальяна с12:00-19:00 500 руб, в эту стоимость входит кальян+чай, после 19:00 час курения кальяна + напиток (чай или лимонад). Час курения-условное время, 15 минут время от заказа до подача кальяна и час-час пятнадцать минут- время курения кальяна.</p>","Галиаскара Камала 4А ","55.7867","49.1121","943","1","551487","1"
"371","Кальянная-кинотеатр Realaxinema | Казань","Кальянная-кинотеатр Realaxinema г. Казань улица Спартаковская 2, корпус 1 ",,"kalyannaya-kinoteatr-realaxinema-kazan","Relaxinema","+7(843) 247 54-47",,,"https://vk.com/relaxinema","450","0","0","0","1","0","10","1","Кинотеатр кальянная с собственной кухней и видеоиграми.","<p>Кинотеатр-кальянная.Имеется 3 зала%</p><ul>
<li>Малый зал для 2-х человек (для романтических свиданий)</li><li>Средний зал 6-8 человек(для посиделок с друзьями или мини-вечеринок)/li><li>Большой зал10-12(для шумных вечеринок)</li></ul>","Спартаковская 2, корпус 1","55.7809","49.1273","960","1","551487","1"
"372","Кальянная Enjoy | Казань","Кальянная Enjoy г. Казань улица Шмидта 23",,"kalyannaya-enjoy-kazan","Enjoy","250 22-23",,"https://www.instagram.com/enjoy_kzn/","https://vk.com/enjoykzn","500","0","0","0","1","1","10","1","Вкусные кальяны, ароматные чаи, Playstation, японская кухня, дружеская атмосфера.","<p>Добро пожаловать в ""Enjoy"", новую актуальную площадку для работы отдыха.</p><p>Дневное время в формате коворкинга:</p><ul><li>Уютное рабочее место, комфортная рабочая атмосфера и напитки.</li></ul><p>Вечернее время для отдыха:</p><ul><li>изысканный кальян с целой палитрой ярких вкусов</li><li>редкие сорта чая, включая пуэр</li><li>просмотры любимых фильмов на больших LCD-телевизорах</li><li>море настольных игр от непредсказуемых карт ""Уно"" до интеллектуальной ""Монополии""</li><li>безумные баталии в Sony Play Station 3</li><li>все это в потрясающей атмосфере дизайнерского оформления space high-tech.</li></ul><p>""Enjoy"" - это клуб для друзей. Здесь нет меню и ценников. Мы не станем пугать вас чеками с четырьмя нолями. Если вам понравилась наша работа, оставьте материальную помощь на свое усмотрение.</p><p>""Enjoy"" открывает свои двери каждый будний день с 12 дня до 02 ночи. В выходные мы открыты до последнего гостя. Мы находимся по адресу ул. Шмидта 23. (прямо на перекрестке Зинина и Шмидта). Бронирование столов по телефону 250-22-23. Вход только по брони. Приходите! Будем рады вас видеть!</p><p>Он-лайн бронирование <a href=""//restreserv.ru/enjoy"" target=""_blank"">http://restreserv.ru/enjoy </p><p>Внимание! ""Enjoy"" не продает табак и табачные изделия, не рекламирует курение, алкоголь и наркотики. Мы за здоровый отдых взрослых людей. Вход только с <strong>18-ти</strong> лет.</p>","Шмидта 23","55.7894","49.1569","967","1","551487","1"
"373","Кальянная ДК Инкогнито | Казань","Кальянная ДК Инкогнито г. Казань улица ",,"kalyannaya-dk-inkognito-kazan","ДК Инкогнито","+7 (917) 888 26-00",,"https://www.instagram.com/dk_inkognito/","https://vk.com/inkognitofamily","50","1","0","0","0","0","10","0","Огромный выбор как крепких так и лёгких табаков,каждому по вкусу! Так же в наличие крутой земляничный чай!","<p>работаем с 13.00 до 1.00 или до последнего клиента,предварительно позвоните по номер +7 917-888-26-00 забронируйте место на удобное вам время,ребята будут Вас ждать,алкоголь не продаем,есть безалкогольные напитки(dr Pepper,Pepsi) чаи,алкоголь можете с собой принести еду можете с собой,заказать к нам в заведение,цен на кальяны у нас нет,оставляете как считаете нужным,если возникают с этим трудности,можете спросить у кальянщика.</p>","Абсалямова, 13","55.8176","49.1096","976","1","551487","1"
"374","Кальянная Дом Культуры ""Fantasy of Smoke"" | Казань","Кальянная Дом Культуры ""Fantasy of Smoke"" г. Казань улица Чистопольская, 19а",,"kalyannaya-fantasy-of-smoke-kazan","Fantasy of Smoke","+7 (843) 265 66-67",,,"https://vk.com/uk_fs","500","1","0","1","1","1","10","0","Свободный счет, гости оставляют столько, сколько посчитают нужным.","<p>Что у нас есть:</p><ul><li>Бронирование: Да</li><li>Кальяны: Khalil Mamoon, Дизайнерские стеклянные кальяны</li><li>Табак: Nakhla, Tangiers, Haze, Hookafina, Inhale</li><li>Меню: Китайский чай, Напитки</li><li>Алкоголь: Нет</li><li>Кредитные карты: Не принимаем</li><li>Wi-Fi: Есть. Бесплатный</li><li>Количество посадочных мест: 70</li><li>Места на улице: Нет</li><li>Парковка: Есть</li></ul><p>Остались вопросы звоните по телефону <strong>+7 (843) 265 66-67</strong>администратор ответит на них</p>
","Чистопольская, 19а","55.82","49.1148","986","1","551487","1"
"375","Кальянная Hookah Lounge | Казань","Кальянная Hookah Lounge г. Казань улица Ямашева, 69 (вход за Старым Амбаром)",,"kalyannaya-hookah-lounge-kazan","Hookah Lounge","+7(937) 576 49-08",,,"https://vk.com/hookah_lounge_kzn","350","0","0","0","1","1","10","0","Hookah Lounge - место, где ты найдешь паровой коктейль на любой вкус. Так же мы предлагаем: большой зал с уникальным дизайном, проектор, настольные игры,  большой выбор чая, слабоалкогольных и безалкогольных коктелей, игровую зону с PS3.","<p>Добро пожаловать в <strong>Hookah Lounge!</strong></p><p>Будем рады видеть вас на нашей территории дыма и отдыха. <strong>Hookah Lounge</strong> - место, где ты можешь приятно провести время в кругу друзей или насладиться лучшим кальяном в обществе наших мастеров. У нас ты найдешь табак на любой вкус: soft, medium, in space. Также мы можем предложить:</p><ul><li>Большой зал: 80 кв. м. с уникальным дизайном;</li><li>Проектор, настольные игры;</li><li>Большой выбор чая, слабоалкогольных и безалкогольных коктейлей;</li><li>Игровую зону на 6 человек, оснащенную PS3.</li></ul><p>Кальянная карта:</p><ul><li>Кальяны: Amy delux, Kaya, Khalil Mamoon;</li><li>Табак: AL FAKHER, AL FAHAMAH, ADALYA, SERBETLI, BAHRAIN, STARBUZZ, DOOBACCO, FUMARI, AFZAL, NAKHLA, NIRVANA, HOOKAFINA, TANGIERS, DARK SIDE, KRASS</li></ul><p>Адрес: ул. Ямашева, 69 (вход за Старым Амбаром)</p>","Ямашева, 69","55.8252","49.1352","997","1","551487","1"
"376","Кальянная Milk Lounge | Казань","Кальянная Milk Lounge г. Казань улица Чистопольская, 81",,"kalyannaya-milk-lounge-kazan","Moloko Lounge","+7 (900) 327 55-51",,"https://www.instagram.com/milk_kazan/","https://vk.com/milklounge","500","0","0","0","1","1","10","0","Большой экран, настольные игры, книжки, тапочки, и прочие атрибуты домашней и уютной атмосферы.","<p>Большой экран, настольные игры, книжки, тапочки, и прочие атрибуты домашней и уютной атмосферы.</p>","Чистопольская, 81","55.8227","49.1516","1005","1","551487","1"
"377","Кальянная ""У Эдгара По"" | Казань","Кальянная ""У Эдгара По"" г. Казань улица Восстания, 49",,"kalyannaya-u-ehdgara-po-kazan","У Эдгара По","+7(906) 323 54-07",,,"https://vk.com/uedgarapo","400","0","0","0","0","1","10","0","Уютная атмосфера, две игровые комнаты с PS3 и Xbox 360, и комната для вашего праздника на 15 человек.","<p>Кальянная Казань У Эдгара По - закрытый клуб для истинных ценителей хорошего кальяна и живого общения.Мы не продаем табак,не занимаемся пропагандой курения,мы собираемся, курим кальяны, общаемся, играем в игры, наслаждаемся вкусным чаем и густым кальяном, ждем всех в гости Восстания 49.В гостях у Эдгара По.</p>","Восстания, 49","55.8327","49.0774","1012","1","551487","1"
"378","Кальянная NoName club | Казань","Кальянная NoName club г. Казань улица Зорге, 33а",,"kalyannaya-noname-club-kazan","NoName club","+7(917) 292 33-37",,,"https://vk.com/nnckzn","500","0","0","0","1","1","10","0","NoName - место с отличными кальянами и чаем. С настольными и видеоиграми, футбольными трансляциями и совместными кинопросмотрами. ","<p>NoName - место с отличными кальянами и чаем. С настольными и видеоиграми, футбольными трансляциями и совместными кинопросмотрами. И конечно же с интересными людьми, которые здесь работают и отдыхают. NoName Club это место с общими интересами.</p><p>это:</p><ul><li>густые кальяны и вкусный чай</li><li>настольные и видеоигры</li><li>футбольные трансляции</li><li>совместные кинопросмотры</li></ul><p>Все вырученные средства идут для улучшения заведения и продвижения.</p>","Зорге, 33а","55.7556","49.2007","1020","1","551487","1"
"379","Кальянная Feel free | Казань","Кальянная Feel free г. Казань улица Минская, 12",,"kalyannaya-feel-free-kazan","Feel free","+7(905) 318 68-91",,,"https://vk.com/feel_free_kzn","400","0","0","0","1","0","10","0","Хотите провести приятный вечер в кругу друзей? Двери кальянной ""Feel free"" всегда открыты для вас!","<p>Внимание! Идет запись на бронирование столов на Новогоднюю ночь!</p><p>Хотите провести приятный вечер в кругу хороших друзей? Двери кальянной ""Feel free"" всегда открыты для вас! У нас вы можете насладиться густым и дымным кальяном, ароматным вкусным чаем) А также поиграть в различные настольные игры и в Xbox) Мы работаем без фиксированной платы за услуги . Почувствуй себя свободным!</p>","Минская, 12","55.7722","49.2208","1029","1","551487","1"
"380","Кальянная  Roof | Казань","Кальянная  Roof г. Казань улица Сахарова, 24а",,"kalyannaya-roof-kazan","Roof","+7(927) 422 06-01",,"https://www.instagram.com/roof_kzn/","https://vk.com/roof_kzn","400","0","0","0","0","0","10","0","Ждем всех в гости, на самый дымный и вкусный кальян города.  Если дымить, то только у нас в Roof'е!","<p>Ждем всех в гости, на самый дымный и вкусный кальян города.  Если дымить, то только у нас в Roof'е!</p>","Сахарова, 24а","55.7829","49.2226","1038","1","551487","1"
"381","Кальянная Hubble Bubble | Казань","Кальянная Hubble Bubble г. Казань улица Фучика, 55",,"kalyannaya-hubble-bubble-kazan","Hubble Bubble","+7(843) 258 51-22",,,"https://vk.com/hbkazan","500","0","0","0","0","0","10","0","Попадая к нам, забываешь обо всех проблемах и заботах, переживаниях и неудачах. С нами у вас все будет Окей!","<p>Попадая к нам, забываешь обо всех проблемах и заботах, переживаниях и неудачах. С нами у вас все будет Окей=) Приглушенный свет, приятная музыка, тонкий аромат кальяна помогут вам расслабиться, дадут почувствовать себя отвлеченным от всего, позволят окунуться в свой мир грез и желаний, а огромный выбор табака, развлечений и море дыма понравятся даже самым искушенным. К каждому кальяну мы предложим вам большой выбор чая и сладостей.</p><p>Курение кальяна - это особый стиль общения, который сближает людей. На Востоке считается, что курение кальяна возможно только в кругу друзей... Побывав у нас хоть раз вы поймете это, Вы захотите вернуться к нам еще!</p><p>Друзья, мы такие же, как вы - мы любим кальян, любим этот сладкий дым, любим эксперименты и интересные миксы. Мы живем этим местом, этой маленькой сказкой, в которой все имеет значение...</p>
","Фучика, 55","55.7436","49.2045","1047","1","551487","1"
"382","Кальянная Green House | Казань","Кальянная Green House г. Казань улица Академика Сахарова 6",,"kalyannaya-green-house-kazan","Green House","+7 (937) 622 67-31",,"https://www.instagram.com/green_house_hookah/","https://vk.com/green_house_hookah","500","0","0","0","1","1","10","0"," Встречаем вас своим домашнем уютом. Ароматным запахом пуэра, морем дыма и вкуса, что царят у нас каждый день.","<p>Среди городской суеты, среди пробок и каменных лесов столицы, расположилось столь волшебное место, в котором каждая частичка поможет Вам расслабиться и отвлечься от суеты: приглушенный свет, приятная музыка, тонкий аромат кальяна, к которому мы с радостью предложим Вам множество разновидностей китайского чая и вкусняшек.</p>","Академика Сахарова 6","55.7782","49.2323","1055","1","551487","1"
"383","Кальянная 2MAN | Уфа","Кальянная 2MAN г. Уфа улица Коммунистическая, 92",,"kalyannaya-2man-ufa","2MAN","+7 (987) 604 77-30",,"https://www.instagram.com/uk_2man/","https://vk.com/2manfamily","350","0","0","0","0","1","10","0","2MAN - кальянная, ключевой особенностью которой считается необычный подход к обслуживанию. 2MAN - атмосферное место с возможностью попробовать вкусные, дымные и необычные кальяны, побеседовать с интересными людьми и отлично провести время.","<p>Приветствуем Вас! 2MAN - кальянная, ключевой особенностью которой считается необычный подход к обслуживанию. 2MAN - атмосферное место с возможностью попробовать вкусные, дымные и необычные кальяны, побеседовать с интересными людьми и отлично провести время. Официанты, меню - всех этих формальностей у нас нет.</p><p>К нам вы можете заглянуть с друзьями, поиграть в интересные настольные игры и отлично провести время, наслаждаясь кальянами наших мастеров.</p><p>У нас в гостях Вы будете погружены в нашу атмосферу тела и уюта, никакой суеты, только вкусные кальяны и общение по душам.</p><ul><li>Дух свободы и уюта;</li><li>Отсутствие суеты;</li><li>Неповторимая атмосфера;</li><li>Качественная музыка;</li><li>Большой ассортимент.</li></ul>
<p>Это все наш мир. ЭТО <strong>2MAN</strong>.</p>","Коммунистическая, 92","54.7228","55.958","1066","1","479561","1"
"384","Кальянная Smoke House | Уфа","Кальянная Smoke House г. Уфа Проспект октября 91.Торговый центр ""Юрюзань"" ",,"kalyannaya-smoke-house-ufa","Smoke House","(299) 35-79",,"https://www.instagram.com/Smokehouse_ufa/","https://vk.com/shufa","400","0","0","0","1","1","10","0","Мягкие диваны, lounge-атмосфера, дизайнерские кальяны и конечно густой дым. Ничего лишнего, кальян only.","<p>Представляем заведение нового формата – правильная кальянная Smoke House (18+). Мягкие диваны, lounge-атмосфера, дизайнерские кальяны и конечно густой дым. Ничего лишнего, кальян only.</p><p>Выбирай любой кальянный микс и наслаждайся насыщенным вкусом в кругу друзей. </p>","Проспект октября, 91","54.7772","56.0291","1075","1","479561","1"
"385","Кальянная ""Вдох Выдох"" | Уфа ","Кальянная ""Вдох Выдох"" в Уфе по адресу ",,"kalyannaya-vdoh-vydoh-ufa","Вдох Выдох","+7(986) 708 78-88",,"https://www.instagram.com/vdox_vidox_ufa/","https://vk.com/vdox_vidox02","500","0","0","0","1","0","10","0","Спокойное дешевое местечко с приятной и уютной атмосферой и вкусным чаем.","<p>Вход в заведение разрешен лицам от +18; </p><p>Наши правила:</p><ul><li>Если Вы опаздываете, звоните предупреждайте, иначе бронь снимается после 30 минут ожидания;</li><li>Вошедший в кальянную - автоматически соглашается с правилами заведения!;</li><li>В наше заведение не проносят ядовитые и токсичные вещества, воспламеняющиеся вещества, наркотики, все виды оружия и средства личной защиты;</li><li>При посещении кальянной заказ кальяна - ОБЯЗАТЕЛЕН!</li><li>Если Вы пришли компанией 4-ре человека,то заказываете 2 кальяна, 6-ть человек- 3 кальяна и тд.;</li><li>Вы можете приносить с собой еду,закуски,а также заказать доставку;</li><li>В нашем заведении разрешено приносить алкогольные напитки, но на них распространяется пробковый сбор:<ul><li>с пива( с бутылки ) - 50 р, </li><li>c вина,шампанского (с бутылки)-100р,</li><li>абсента,текилы,виски,водки и т.д.(с бутылки)-200 р.</li></ul></li><li>Сигареты ,сигары ,сигарилы и др. виды сигарет - разрешено курить только при входной группе;</li><li>Запрещено находиться в заведении в ""верхней"" одежде; </li><li>Запрещено не цензурно выражаться или оскорблять какими либо другими способами, других гостей кальянной;</li><li>Любая порча имущества - облагается денежным штрафом. </li></ul><p>Размеры штрафов Вам расскажет администратор зала в случае возникновения такой ситуации.</p><p>Администрация закрытого клуба имеет право потребовать от любого посетителя, нарушающего настоящие Правила, немедленно покинуть заведение без объяснения причин.</p>","Николая Дмитриева 9","54.7339","55.9976","1087","1","479561","1"
"386","Кальянная MagicBar | Уфа","Кальянная MagicBar. Находимся в г. Уфа, ул. Пушкина 45/1, только у нас кальян-бар премиум-класса",,"kalyannaya-magicbar-ufa","MagicBar","+7 (347) 299-99-77","http://magicbarufa.ru/","https://www.instagram.com/magicbar_ufa/ ","https://vk.com/magicbar_ufa ","499","0","0","1","1","1","20","1","Если вы ищете уютное заведение в центре Уфы, где можно не только покурить хороший кальян, но и покушать, то MAGIC BAR & CHILLOUT - идеальный выбор для вас и ваших друзей.","<p>Представляем Вашему вниманию новое интересное заведение в историческом центре Уфы на улице Пушкина, открывшее свои двери в мае 2016 года и сочетающее в себе все качества топового заведения - стильный интерьер, удобные диваны, разнообразная кухня, полноценный бар, а так же, само собой, качественные кальяны. </p><p>Для любителей пива здесь есть более 10 сортов крафтового пива, а так же различные пивные закуски. Здесь можно посмотреть спортивные трансляции на большом экране, что не может нет радовать фанатов футбола и других видов спорта. </p><p>Кальян-Бар MAGIC BAR & CHILLOUT вобрал в себя лучшие традиции европейской кухни. Стейк филе-миньон, Стейк рибай, лучший вид мяса для приготовления стейков - особый сорт говядины – «мраморная». Крафтовое пиво от лучших производителей мира, уникальный кальян-бар который может предложить огромный выбор вкусов ароматного пара. MAGIC BAR & CHILLOUT по приемлемой цене удовлетворит любой, самый утонченный вкус. </p><p>В дневное время вам предложат сытные бизнес-ланчи по приятным ценам, так же в дневное время действует специальная цена на кальян. </p><p>Если вы ищете уютное заведение в центре Уфы, где можно не только покурить хороший кальян, но и покушать, то MAGIC BAR & CHILLOUT - идеальный выбор для вас и ваших друзей.</p>","ул. Пушкина 45/1","54.7254","55.9299","1098","1","479561","1"
